push_leg_velocity_x,push_leg_velocity_y,knee_ankle_distance,shoulder_angle,right_arm_angle,label
-0.47956109046936035,0.5893564224243164,0.10996988338092237,23.81632738222538,54.27910704361283,0
-0.8057570457458496,-0.21052837371826172,0.09523420955153504,94.1907946550823,70.84083146652003,0
-0.3741690516471863,-0.13897597789764404,0.10722247188514207,175.8889954436606,54.71514821789436,0
0.6136161088943481,-0.0680762529373169,0.11290709089803279,12.14545954701887,70.79140616300549,0
-1.0887434292463638,1.2492982821874787,0.11761079080647853,163.9891139457059,32.432436853944736,0
-0.5510043413056809,0.5231768802300452,0.1099698833809224,163.5322775570911,14.577583663002804,0
-0.7722109520679354,-0.31186031875804265,0.09523420955153494,93.15781028423416,29.94086563513113,0
-0.3533198755000455,-0.18569293799117315,0.10722247188514218,11.459609495655808,156.46368371388198,0
0.6172834084347173,0.010968089161057515,0.11290709089803268,175.2031453922976,103.58890116311,0
3.9918414224166203,-0.41120265062311034,0.1253465845778468,156.6405090063894,32.432436853944736,0
-0.5111039928782707,0.6281210605195398,0.11720310010417374,156.18367261777465,14.577583663002777,0
-0.8587553318127567,-0.22437577726804436,0.10149819434424144,85.8092053449176,29.940865635131203,0
-0.3987798428792072,-0.14811705667807096,0.11427497892528783,4.111004556339308,156.46368371388206,0
0.6539764163172163,-0.07255393606349414,0.12033350104733184,167.85454045298115,103.58890116311001,0
-0.04127427935600281,-0.0327301025390625,0.12729808885550095,168.7779003011408,169.82737505907787,1
-0.024087131023406982,-0.051432251930236816,0.12866956614658892,165.11291560004688,171.39300204838634,1
-0.01964852213859558,-0.06356477737426758,0.12930162531702621,164.8236549063123,170.04756716017604,1
-0.018903762102127075,-0.04383444786071777,0.12941747363152112,165.47371191921954,170.09984246542388,1
-0.018633753061294556,-0.037322044372558594,0.12910141019657204,166.3982397039365,170.09678865684822,1
-0.24654414557103696,0.2852288806789782,0.12699019469495024,1.4641530891688714,161.78620338299456,1
-0.040678811335173315,-0.03346729832138129,0.12729808885550098,12.252861747008414,164.04891505961146,1
-0.023158007110640894,-0.05185723793471486,0.1286695661465888,15.917846448102457,163.60197156619313,1
-0.018501861794359975,-0.06390795298719443,0.1293016253170262,16.20710714183689,163.24304609086144,1
-0.018112155535268265,-0.044167418565429495,0.1294174736315211,15.557050128929717,163.2979660872441,1
-0.017959343253621807,-0.03765121165640206,0.129101410196572,14.63252234421281,165.1541611415302,1
0.7819803103964234,1.9938568283931934,0.13826603898967815,2.494915137317458,161.78620338299456,1
-0.04493914772251972,-0.035636307548571056,0.13860127200597244,11.222099698859006,164.0489150596115,1
-0.026225900395161206,-0.05599907747047106,0.14009452692268892,14.887084399953007,163.60197156619307,1
-0.02139317397402668,-0.06920888662241165,0.1407827085426431,15.176345093687765,163.2430460908614,1
-0.020582284436550108,-0.0477266413486499,0.14090884338011864,14.52628808078046,163.29796608724405,1
-0.020288300474582965,-0.04063598181565653,0.14056471571479104,13.601760296063414,165.1541611415302,1
0.06284952163696289,-0.13346493244171143,0.11001766577009543,168.28786772833058,94.45565338609156,0
0.10806441307067871,-0.5024474859237671,0.11878256532266376,172.54248623239678,73.49741279089143,0
0.0692322850227356,-0.7490247488021851,0.13080323057403606,130.56880128835704,59.21720621198904,0
0.053552985191345215,-0.39034903049468994,0.12487368739410482,108.86256163836522,68.3422150337092,0
0.3085767203809492,1.4169610566853108,0.10983663619609652,20.504737066753297,2.0239375121751784,0
0.058119457256252116,-0.13559158989371434,0.11001766577009542,13.726465978650129,6.374302111074974,0
0.09033685154397508,-0.5059354175549924,0.11878256532266383,5.443180060622471,12.400546205871889,0
0.04286164837705553,-0.7509953812814363,0.13080323057403603,47.41686500466224,27.49574837974694,0
0.03979931437059936,-0.3919901815182092,0.12487368739410482,69.123104654654,151.47402868701488,0
-1.7530267271215143,0.5333849649463185,0.09962337072281159,18.49040335977258,2.0239375121753587,0
0.05700539829544604,-0.12105456706992923,0.09978756708740254,11.71213227166932,6.3743021110749165,0
0.09801593947271592,-0.4557269222043703,0.10773745400778093,7.457513767603226,12.40054620587186,0
0.0627946542763147,-0.6793759606517591,0.11864036611567053,49.43119871164292,27.495748379747848,0
0.048573309250891095,-0.35405204968981585,0.1132621872230052,71.13743836163482,151.47402868701485,0
0.022541284561157227,-0.04814565181732178,0.07010455322421255,137.58266987097105,172.00343264931982,0
-0.0003585219383239746,-0.479770302772522,0.07534979458749316,160.04158660443804,160.82130479852742,0
-0.14675885438919067,-0.4356640577316284,0.0820181741919944,53.59369386506476,99.22529282053944,0
-0.7378299640760427,1.5733374155296098,0.07214442638307557,46.31017209929693,8.286414676057973,0
0.024916043279501476,-0.04696066530487042,0.07010455322421263,39.556628776990976,22.505387191563113,0
0.023586260723356678,-0.4791903173745371,0.07534979458749325,17.097712043523952,37.87640783809274,0
-0.12483288183670505,-0.442445571966944,0.08201817419199435,129.26700748697323,87.41222714692044,0
1.14761956406958,0.6391560174378685,0.07333653568826053,49.170873451335126,8.286414676057928,0
0.022913755123658563,-0.048941207100149375,0.07126295581224705,42.41733012902899,22.505387191563162,0
-0.0003644461290103207,-0.4876979926989722,0.07659486916601385,19.958413395561852,37.87640783809269,0
-0.1491838871284712,-0.4428629392418748,0.08337343659479443,126.40630613493536,87.41222714692049,0
0.01884251832962036,0.0021708011627197266,0.15477926894671346,131.82880383341325,112.67648112527533,1
0.04720240831375122,-0.15233159065246582,0.15499674775166322,146.327358854953,133.83606859494546,1
0.10063290596008301,-0.1819378137588501,0.1535219159313053,147.41340066341377,151.31459209831047,1
0.05668222904205322,-0.19962966442108154,0.14798525894549258,161.25767992763312,177.55360570045912,1
0.053364336490631104,-0.4404330253601074,0.14415292211642497,170.2815941630396,178.42480272640705,1
0.055872201919555664,-0.4612022638320923,0.14901893531118623,167.81551525007956,173.5806317534378,1
2.3010636063727583,-1.1125893174725987,0.15300049093302165,58.1222529250134,174.5282782070497,1
0.01893347819440061,-0.001129724812615196,0.15477926894671343,58.15781334612844,166.72008618388318,1
0.020070148711530678,-0.1582092601336138,0.15499674775166325,43.65925832458878,133.73570893325228,1
0.06755682637726634,-0.19663271611599364,0.1535219159313053,42.57321651612791,12.070151734402483,1
0.021203989588728378,-0.2064346599570177,0.14798525894549253,28.728937251908636,16.565882989310992,1
-0.023823303889710656,-0.4430140544370137,0.1441529221164248,19.705023016502036,39.47254813296841,1
-0.02495519977472105,-0.46390351272154684,0.14901893531118626,2.1978675703788,62.157364888029896,1
-2.149243981811927,4.710112912374223,0.1595047617980382,48.135635745471696,174.52827820704957,1
0.01964354087698239,0.002263085041485091,0.16135915822275115,48.17119616658673,166.72008618388315,1
0.04920905056229219,-0.15880742560476224,0.1615858823644064,33.67264114504703,133.73570893325183,1
0.10491095548990303,-0.18967225182542236,0.16004835332274248,32.58659933658624,12.070151734402483,1
0.05909187210054401,-0.2081162084979582,0.1542763250874468,18.74232007236691,16.565882989310968,1
0.055632931166048616,-0.45915646655543485,0.1502810701093574,9.718405836960395,39.472548132968505,1
0.05824740956035246,-0.4808086352184193,0.15535394452174275,12.184484749920449,62.15736488802991,1
0.02817213535308838,0.10807514190673828,0.10196436808223085,9.288708388480925,126.61848668004788,0
-0.19987106323242188,-0.06423354148864746,0.1040735450759042,22.951542043657938,124.31256476842648,0
-0.1524639129638672,-0.7371032238006592,0.10218722323794514,68.78036980654748,131.7240651120048,0
-0.6248073198508985,1.6630051104050059,0.10434759383610241,166.9301559072194,19.424192026608928,0
0.021571786868733733,0.10958359147155261,0.10196436808223076,174.18513575100167,109.18830404000384,0
-0.19561171763930463,-0.07622627953687955,0.10407354507590416,160.52230209582456,28.35273552097525,0
-0.1075205639068888,-0.7449870707809125,0.10218722323794516,114.69347433293511,163.68947228139922,0
0.15701031675024013,-1.2467465464887688,0.09754371512160709,170.40400004670175,19.424192026609102,0
0.026335199923874786,0.10102821221193048,0.09531588517881737,170.71129161151907,109.18830404000435,0
-0.1868386738616945,-0.06004525875375477,0.09728753543205733,157.0484579563421,28.352735520975493,0
-0.14252265860420388,-0.689041157868594,0.09552420929078993,111.21963019345252,163.68947228139942,0
-0.020136237144470215,-0.02588510513305664,0.08065863360611937,162.55788834968922,148.63491851749572,0
-0.05059003829956055,-0.193558931350708,0.08030948871412306,143.84019155997316,147.30361714444103,0
-0.1287299394607544,-0.2719724178314209,0.07971065000118556,96.82561225570517,121.72944327029678,0
-0.18687665462493896,-0.08922278881072998,0.07852851456218804,58.14347966536179,158.26118470094585,0
-1.4149517942141843,2.1216850913484975,0.08291276701896395,16.005350840256263,17.92427182624887,0
-0.017455697788092417,-0.027763381076858495,0.0806586336061194,11.721317370217863,21.112247808879893,0
-0.031043948411263456,-0.19763776245398268,0.08030948871412306,41.88060272011941,123.97258697532217,0
-0.10097834541747175,-0.2834497612124387,0.07971065000118559,88.89518202438786,111.68090443234124,0
-0.17705210181083453,-0.1074064398969532,0.07852851456218797,127.57731461473132,114.63171276951479,0
2.9727224079429364,-0.031581223282166615,0.08720475940348511,21.726145120349177,17.924271826248912,0
-0.02117859261738908,-0.027225051658762434,0.08483394042110194,17.442111650310814,21.11224780887998,0
-0.053208839564082844,-0.20357853977993057,0.08446672198902942,36.15980844002676,123.97258697532261,0
-0.13539366496033822,-0.2860511126826648,0.08383688429622556,83.17438774429486,111.68090443234134,0
-0.19655035395174658,-0.09384142046264143,0.08259355543088295,121.85652033463825,114.63171276951454,0
-0.07613807916641235,-0.4350435733795166,0.07320685085368138,172.01768880192273,106.18470778739768,1
-0.10841053323954464,0.5969791044938655,0.0795425098253385,22.563154171091018,2.9088821586124474,1
-0.07093491483826042,-0.4359221899546517,0.07320685085368143,7.297747413306881,16.155509754912195,1
1.398797324449097,1.561360712705746,0.08620708200603645,23.24771795586145,2.9088821586125726,1
-0.08251740671615271,-0.471494262487806,0.07934058164376169,7.982311198077284,16.15550975491226,1
0.0426328182220459,0.07942736148834229,0.0716555547197985,134.00952250168962,162.55739962772824,1
-0.00019311904907226562,0.06677985191345215,0.07027432087358501,135.1416806224204,167.33450375485964,1
-0.014520585536956787,0.026450157165527344,0.06881792462659533,136.2094224722011,170.32647410974926,1
-0.01823902130126953,0.03368496894836426,0.06513107571872483,135.50019159749016,171.93271623284454,1
-0.01401454210281372,0.03491520881652832,0.0624402036467938,136.66813936810905,179.05179987760528,1
-0.011781156063079834,0.04497885704040527,0.06119687244867594,138.7513808369136,172.19496025483065,1
-0.003107786178588867,-0.005312561988830566,0.06335229973314546,138.83243438769517,148.50829650992515,1
-0.06464481353759766,-0.02449214458465576,0.06516661507080294,143.0410930120541,131.88439397213372,1
-2.2278559895437313,1.4179589997762476,0.07559240128567304,40.616723349855356,2.359508413282077,1
0.032150444576867776,0.08421764575232138,0.07165555471979851,38.66026489152967,3.5718670075837067,1
-0.008711823531660778,0.06620944077171176,0.07027432087358496,37.52810677079881,3.6307071084599127,1
-0.017776625947633073,0.024381340987218447,0.06881792462659529,36.46036492101811,3.2340700201768673,1
-0.02238774452226422,0.03108259844810779,0.06513107571872487,37.16959579572898,0.03262713586764411,1
-0.018354754099629278,0.032841775210782354,0.062440203646793785,36.00164802511022,2.3472427478400264,1
-0.017423617836978544,0.04310812870346625,0.061196872448675964,33.918406556305605,2.6103113573147585,1
-0.00240457000830252,-0.005665659087180641,0.0633522997331455,33.83735300552401,1.8363314755521993,1
-0.06099159643104424,-0.0325398559993606,0.06516661507080297,29.628694381165207,13.110568176884994,1
2.8147426058161495,-1.449765686542357,0.07764946738772481,47.94693595663619,2.359508413282077,1
0.04379296823326162,0.08158878684478399,0.0736054889741792,45.99047749831043,3.571867007583605,1
-0.00019837432133129607,0.06859710559682264,0.0721866681579035,44.85831937757957,3.6307071084599127,1
-0.014915728484950486,0.027169934825368447,0.07069063957618318,43.79057752779888,3.2340700201767545,1
-0.018735352570225516,0.03460162467822547,0.06690346190797745,44.499808402509856,0.03262713586764411,1
-0.01439591429109155,0.035865342577077186,0.0641393641992101,43.331860631890926,2.3472427478400264,1
-0.012101752000873711,0.046202848877590075,0.0628621987212205,41.248619163086374,2.6103113573150374,1
-0.003192357134024215,-0.005457130635897478,0.06507628079541633,41.16756561230488,1.8363314755521993,1
-0.06640396726654396,-0.025158639622975265,0.06693996837837962,36.95890698794588,13.11056817688505,1
0.38978487253189087,-0.06576061248779297,0.09950152341573562,69.2630258054685,149.69567922754013,0
-0.7742505961897123,0.33771030856728723,0.10495159082078867,104.16613515540928,114.77503917194042,0
0.39123605661121164,-0.05648940623498189,0.09950152341573565,109.37676470268852,147.1454975709886,0
0.8144117591418965,0.9167280719248816,0.11235131706761457,105.5263446472521,114.77503917194062,0
0.417267079607867,-0.0703971361119482,0.10651698672277435,110.73697419453161,147.14549757098857,0
0.09986400604248047,0.1825547218322754,0.0990783593503959,131.33319075465917,46.82332628360184,1
0.06359875202178955,-0.05190074443817139,0.09820902845788806,133.60596814696697,54.31333673834875,1
0.014850497245788574,-0.08143186569213867,0.09897198665532946,135.4176493561894,65.16384559238051,1
-0.02627849578857422,-0.09536147117614746,0.09829171919098986,136.41452840814887,70.43597955095204,1
0.0018149614334106445,-0.009287595748901367,0.09762325714268952,136.73604059920598,72.69632075933136,1
0.010458827018737793,-0.011538863182067871,0.09791293006635635,134.53772098753421,73.51709332692417,1
0.0067868828773498535,0.018916726112365723,0.09785720091395012,137.16371004973973,85.0283094812345,1
-9.745359420776367e-05,0.001055002212524414,0.09860351712792173,137.3008440471246,95.47021417557869,1
-0.0006124377250671387,0.0022476911544799805,0.09920964192172811,136.66598615988,104.53212567365968,1
0.010980069637298584,0.003072023391723633,0.09943955782693513,136.5193734054627,114.33233948873284,1
0.016670823097229004,0.02996206283569336,0.0997940006898136,135.4943784690638,119.88838631500694,1
0.009410083293914795,0.015808939933776855,0.10036974348761293,135.44428565664728,125.90260600263798,1
0.0006785988807678223,0.02559185028076172,0.10081206799249377,135.59136811018453,128.88088029720865,1
0.009812414646148682,0.03582000732421875,0.10079479315833169,134.95072218549603,133.5056526418973,1
0.008055567741394043,0.013900995254516602,0.10103024144240833,133.81596735935076,141.73823339885345,1
0.006719827651977539,0.033515095710754395,0.10078989559281804,133.91467118915998,145.8070081157888,1
0.004540085792541504,0.021965503692626953,0.10076608443159703,133.70074477213902,148.52182732103128,1
0.003192722797393799,0.02029895782470703,0.10090212941822413,132.91423981307423,151.8855774704967,1
0.007523596286773682,0.03213644027709961,0.10121749229305745,132.4164086844807,153.68925017090817,1
0.008977353572845459,0.03164470195770264,0.10133346367422147,132.1246379531712,156.42050268291487,1
0.003751516342163086,0.017110705375671387,0.10140803424041597,131.60174683128062,157.0423426233707,1
0.015253722667694092,0.023152828216552734,0.10139411797551731,130.82075174353315,155.9188891669588,1
0.0035271048545837402,-0.004872679710388184,0.10148215089864883,130.44740622576657,156.17944914537384,1
0.005739033222198486,-0.0019419193267822266,0.10151259856161383,129.9593105445689,154.49705264248328,1
0.005452930927276611,0.012377500534057617,0.1015581231878755,129.99538831627157,154.71956345377578,1
0.005845427513122559,0.007433295249938965,0.10164921394971146,130.21371830353104,156.3004883446951,1
0.0068056583404541016,-0.001977682113647461,0.10167624885434715,130.22516051494907,155.58429740544713,1
0.005454719066619873,-0.0008726119995117188,0.10165526993390651,130.59634459801632,154.2942518948648,1
0.004424750804901123,0.0016075372695922852,0.10153918888956892,130.69805603206564,153.8457476444434,1
0.0003281235694885254,0.005241036415100098,0.10087939070920184,130.8516562664914,152.23668220082877,1
-0.0001609325408935547,0.006707310676574707,0.10022410774002138,130.78012883642737,154.11579605692393,1
-0.0011113286018371582,0.0010693073272705078,0.09983547506018976,130.7030070606225,154.04684326649934,1
0.0011846423149108887,0.0029325485229492188,0.09927932533194246,130.3469080042147,155.73401622384793,1
0.0023093819618225098,0.0028073787689208984,0.09854311409600883,130.49972025188632,158.76885142496369,1
0.0004953145980834961,-0.0002771615982055664,0.09749080417337026,130.8686527257888,160.74787056121397,1
0.0009906291961669922,0.010732412338256836,0.09699389483533315,131.1116147393978,163.59324802700576,1
0.0018730759620666504,0.0038552284240722656,0.09692784810199734,131.01556679683222,163.9128002248214,1
0.00043004751205444336,0.009516477584838867,0.09740254616454551,131.07093312094685,165.1523746610099,1
-0.000680387020111084,0.0010943412780761719,0.09719380703164653,131.106452255242,165.65596944468143,1
-4.9173831939697266e-05,0.001512765884399414,0.09702754615988285,130.630559298124,167.61056551805888,1
8.046627044677734e-06,0.0009065866470336914,0.09687799797544536,131.25150864535075,166.74884138077115,1
0.0028440356254577637,0.0002378225326538086,0.09656064592232479,130.89034036479654,166.8523070175864,1
0.006413161754608154,-0.008170008659362793,0.0965391378966518,130.70892588122206,167.5200507098801,1
0.011137425899505615,-0.009305477142333984,0.09646763543221774,130.89981634538123,167.07639641372268,1
0.007986724376678467,-0.0008600950241088867,0.09662786869643934,130.3817793088582,166.98586315046353,1
0.0009468197822570801,-0.005219578742980957,0.09642373823820646,130.87358242561723,167.25989165173345,1
0.004113614559173584,-0.005105137825012207,0.0957496837931311,131.82703033610886,167.5832148207628,1
0.0017595291137695312,-0.01338958740234375,0.09491236038689367,132.93999235940575,166.77725290089995,1
0.00015020370483398438,-0.009307265281677246,0.0943315383360853,133.7342005552149,166.97734719524834,1
0.0006687641143798828,-0.010326504707336426,0.0936978921689816,134.82806995495258,166.03950725256755,1
0.004789531230926514,-0.0054073333740234375,0.09263022820268915,136.24777837400265,166.13834392251226,1
0.0012239813804626465,-0.007392168045043945,0.091752547280229,137.76273282925652,165.6488527170096,1
0.002312958240509033,-0.015206336975097656,0.09123508650302808,138.30448860055452,164.1264519935772,1
0.005171298980712891,-0.01946568489074707,0.09101894633735876,139.40557926921758,163.8961575476296,1
0.010145008563995361,-0.025586485862731934,0.09103986767502911,139.6107878029576,162.81693339358154,1
0.003920495510101318,-0.014591217041015625,0.09029562989062831,141.21830896687803,161.90144039109498,1
0.0026473402976989746,-0.032569169998168945,0.08941936204646761,142.52002888361554,159.81746429362144,1
0.008085966110229492,-0.028772950172424316,0.08895272870532837,144.27205552713176,159.5969653369258,1
0.012118220329284668,-0.03268897533416748,0.08839381006257203,145.28803753345397,159.6326104301019,1
0.022645890712738037,-0.04649698734283447,0.08778105470892247,149.66767228405175,157.97030048216422,1
0.01273423433303833,-0.04185318946838379,0.08756439018254462,150.61167782009318,155.79513838594409,1
0.009115040302276611,-0.019390583038330078,0.08684824631576457,150.79479679734064,155.80513052717544,1
-0.0006026029586791992,-0.018271207809448242,0.0862833657437794,152.59654946979495,153.72015959075722,1
0.0025793910026550293,-0.0315016508102417,0.08733238960119712,154.52090263470615,151.20904119184436,1
0.0073081254959106445,-0.04964590072631836,0.08977655455380217,154.55417290632175,143.94212888192698,1
2.4139881134033203e-05,-0.040038228034973145,0.09049697669616344,156.92793948338573,141.01393521755364,1
0.00014036893844604492,-0.03275156021118164,0.0897522646525553,156.07880889582887,139.43441774377834,1
-0.00046938657760620117,0.0026088953018188477,0.08617859392942882,153.42698696004555,141.73757869267655,1
-0.00034689903259277344,0.0039196014404296875,0.08274286789436486,149.8656386629365,143.65028014860363,1
0.006116330623626709,-0.04586935043334961,0.08682545260918215,146.88682581549824,144.04804962906425,1
0.006725192070007324,-0.09027242660522461,0.08639281605739502,146.51957804822496,42.17291246811428,1
0.0218161940574646,-0.017039179801940918,0.08845375414902293,150.7109722751556,60.94403142853188,1
0.025606155395507812,-0.07336556911468506,0.08882580337578616,153.95245458454716,158.54761273001077,1
0.011178553104400635,-0.04096806049346924,0.08942894836797391,165.31697364534654,170.39055247780405,1
0.005262494087219238,0.004736781120300293,0.08968454810415663,171.64506274163435,164.1351128378151,1
0.0025382637977600098,-0.002943277359008789,0.09158858432956318,175.6290530969709,171.42438386408773,1
-0.0018873810768127441,-0.009489655494689941,0.0905690029625749,178.19071620210812,26.137857786472303,1
-0.0010961294174194336,-0.016007423400878906,0.08845618976598042,164.93748086693074,42.167713432979916,1
-0.00038355588912963867,-0.043357014656066895,0.08539177374027707,146.92613633469475,161.4931097012154,1
-0.010370314121246338,-0.002637505531311035,0.08965933166522629,136.6447580325343,179.8662530609972,1
-0.010014474391937256,-0.02391993999481201,0.09062909140876615,114.58629431838929,173.10475674046097,1
-2.501751155400613,1.9387413654798358,0.10519170024310093,24.805028849409293,19.659585430865814,1
0.07902821470572974,0.19249308415248745,0.09907835935039591,42.307209280958475,13.904354958690016,1
0.06895633377138277,-0.04453664294460036,0.09820902845788806,40.03443188865064,11.427551751862818,1
0.02377917128435214,-0.07928579337800445,0.09897198665532954,38.22275067942813,9.56345289290984,1
-0.015553767926566042,-0.09768546375523601,0.09829171919098983,37.22587162746872,6.6187345009815255,1
0.00283256277781585,-0.009029402411537824,0.09762325714268967,36.904359436411546,7.2564708875082395,1
0.011672605159480653,-0.010309350849265764,0.09791293006635636,39.102679048083345,7.30790128463897,1
0.004649746812982469,0.019552088394242384,0.09785720091395016,36.47668998587784,6.897771474802957,1
-0.00021371457164465202,0.0010377152563811887,0.09860351712792187,36.339555988492975,4.50527443985687,1
-0.000857641619054772,0.002166020855456363,0.09920964192172807,36.97441387573758,4.968170465910399,1
0.010572218801372935,0.004269361377898795,0.09943955782693517,37.12102663015483,4.154574343784343,1
0.013249392032915197,0.031624281222932815,0.09979400068981356,38.146021566553834,4.869496024052715,1
0.0076010485985478216,0.016753993841194248,0.10036974348761302,38.19611437897024,5.762289739179672,1
-0.002160339845796999,0.025509532120063794,0.10081206799249384,38.04903192543306,5.466873921006203,1
0.005784314492871534,0.03668648404716035,0.10079479315833173,38.68967785012157,5.825132876576846,1
0.006466207938167212,0.014707752907995308,0.10103024144240838,39.824432676266746,7.102894157029263,1
0.002966069319464415,0.034053195987534535,0.10078989559281805,39.72572884645765,7.121816930955667,1
0.0020790683501920038,0.022333230985902564,0.10076608443159703,39.93965526347861,7.543575646514655,1
0.0009245969240301299,0.020527695636828325,0.10090212941822406,40.72616022254344,7.950149489174616,1
0.003917602939857989,0.03277205641969538,0.1012174922930575,41.22399135113693,9.254730822981857,1
0.005416883157902119,0.03244437418131518,0.10133346367422144,41.51576208244634,9.66812003000253,1
0.0018331087422746029,0.017420959378220413,0.10140803424041603,42.0386532043369,10.62665686372474,1
0.012595258617909,0.02469997914970712,0.10139411797551738,42.819648292084395,11.954422522224885,1
0.00404513789372396,-0.004452003553006012,0.10148215089864883,43.19299380985107,12.409541028563602,1
0.005918819643152551,-0.0012942669852389344,0.1015125985616138,43.68108949104869,12.999607081537569,1
0.004048341792725063,0.012905344005389452,0.10155812318787556,43.64501171934606,13.160067992685072,1
0.004986083707477773,0.008035040158334006,0.10164921394971158,43.4266817320865,11.57841796497717,1
0.006982842417819213,-0.001211661568901734,0.10167624885434719,43.41523952066855,12.484163870776042,1
0.005517809847907507,-0.0002630328492014833,0.10165526993390638,43.04405543760126,13.683097704402606,1
0.004219458098733142,0.0020877665366714204,0.10153918888956893,42.942344003551895,13.997992255998039,1
-0.00025443570671856985,0.005245130146374066,0.1008793907092018,42.788743769126185,13.849955366555513,1
-0.0009028988370313185,0.006648209494662938,0.10022410774002133,42.860271199190215,13.777489236760564,1
-0.001222935018204141,0.0009396272466599687,0.09983547506018976,42.93739297499512,14.828636024329384,1
0.0008525192683894733,0.003045723091612551,0.09927932533194239,43.29349203140285,15.907567960628128,1
0.0019842023981148094,0.0030459089679568674,0.09854311409600883,43.14067978373124,15.091424501963228,1
0.0005229672532192087,-0.0002205909215158286,0.09749080417337024,42.77174730982883,15.310718283992724,1
-0.00020427670601896875,0.01077609817281,0.09699389483533324,42.528785296219766,15.54453949570258,1
0.0014345129028098258,0.004038981615844817,0.09692784810199723,42.62483323878542,15.465552909339793,1
-0.0006267218360078708,0.009505551337275486,0.09740254616454556,42.569466914670755,15.29471287786289,1
-0.0007974182997549928,0.001012241762253785,0.09719380703164655,42.533947780375556,14.312274793316504,1
-0.00021643756118017166,0.0014980098360395377,0.09702754615988296,43.00984073749359,14.821774994361036,1
-9.242384737706555e-05,0.0009018990682019279,0.09687799797544541,42.38889139026686,13.880958835189634,1
0.002800191028822785,0.0005513877020768554,0.09656064592232477,42.75005967082102,14.478660672701793,1
0.007278673923722945,-0.00740935834583345,0.09653913789665176,42.93147415439558,15.059168663541122,1
0.01209964000765007,-0.008014541296839095,0.09646763543221783,42.74058369023633,14.888663626162598,1
0.008032847399229714,2.987273333365792e-05,0.09662786869643934,43.25862072675937,14.722385759882922,1
0.001519156574389946,-0.005082581357611637,0.09642373823820634,42.7668176100003,14.409330770169612,1
0.004653787339670701,-0.004618064567641911,0.09574968379313108,41.813369699508684,14.275625512514337,1
0.003231841745005015,-0.013112291654873154,0.09491236038689375,40.700407676211874,13.287778008071045,1
0.0011802282766409933,-0.009233353095788877,0.09433153833608539,39.906199480402655,13.934592042008372,1
0.0018084969071396895,-0.010188880402091094,0.0936978921689816,38.81233008066499,12.311114767310345,1
0.005359018255529091,-0.0048435304238503285,0.09263022820268907,37.39262166161501,10.664851231203233,1
0.0020352663693196105,-0.00721110044527018,0.09175254728022911,35.87766720636109,9.913457593033574,1
0.003983103271739674,-0.014856559101935618,0.09123508650302804,35.33591143506302,8.846153085214892,1
0.007295654794773898,-0.018773082925540585,0.09101894633735863,34.234820766400034,7.245005847410201,1
0.012916747529929107,-0.024305289358810267,0.09103986767502899,34.0296122326599,6.995416976932265,1
0.005512612472810541,-0.014067160463552275,0.09029562989062836,32.4220910687396,5.116385172559639,1
0.006238677136745641,-0.032075507051407826,0.08941936204646755,31.120371152002118,3.96984361717342,1
0.011223334735625534,-0.027700221424616922,0.08895272870532832,29.368344508485794,3.0383896397881935,1
0.015664546552958125,-0.031145502944036618,0.088393810062572,28.352362502163697,2.4157013506550724,1
0.027656920931261042,-0.043702413236970106,0.08778105470892245,23.97272775156587,0.8375215659448877,1
0.017291873141885294,-0.040185088228972266,0.08756439018254474,23.028722215524354,0.7779119330561254,1
0.011206808502633447,-0.018261602160372092,0.08684824631576452,22.84560323827692,0.9039804095180681,1
0.0014249738281912894,-0.01822552097282104,0.08628336574377947,21.04385056582268,1.230153199277869,1
0.006052898820136932,-0.031022083708035497,0.08733238960119721,19.119497400911428,2.1950496119444742,1
0.012762339595593919,-0.04853088547758011,0.08977655455380215,19.0862271292958,3.040496277017812,1
0.0044589531904831725,-0.03978916967416812,0.09049697669616336,16.71246055223191,4.468711798233304,1
0.0037673360343160045,-0.03253446755227207,0.08975226465255529,17.561591139788682,6.632129083629462,1
-0.0007554806975823558,0.0025408477661326145,0.08617859392942871,20.213413075572074,5.994088569811985,1
-0.0007789314481571052,0.0038570558966288804,0.0827428678943648,23.774761372681045,12.6699391231079,1
0.011159557084302052,-0.044909588009214296,0.0868254526091821,26.753574220119322,41.29029736850011,1
0.01668311992858551,-0.08897197717833705,0.086392816057395,27.12082198739266,46.355137769342214,1
0.02356934212242978,-0.014517785071826994,0.0884537541490229,22.929427760461817,46.598145672537065,1
0.03357515298839042,-0.07007774987445425,0.0888258033757862,19.687945451070544,48.530900172027586,1
0.01564772102465417,-0.03947772608495659,0.08942894836797387,8.323426390270944,42.924461530529044,1
0.004705425472881775,0.0052905491698662654,0.0896845481041566,1.9953372939831664,62.476716297618225,1
0.002848665500346237,-0.002644006351389949,0.09158858432956321,10.730546867411258,97.09816734030393,1
-0.0008246147262691572,-0.009640320497277255,0.09056900296257483,4.550316166490692,165.007676637048,1
0.0006837291071298823,-0.016030334311634142,0.08845618976598045,8.70291916868628,143.5840412385691,1
0.0044213822409749914,-0.0431326931003162,0.085391773740277,26.714263700922587,140.66384071853545,1
-0.010014346310756594,-0.0037699759109632858,0.08965933166522634,36.9956420030835,134.7771841431145,1
-0.007303279679923835,-0.024882028305966974,0.09062909140876613,59.05410571722783,129.68941758264785,1
0.09099523686161792,-2.5780114715208757,0.09479551344156553,31.16462881379178,19.65958543086587,1
0.08999435987108118,0.16451268063240265,0.0892863593217251,48.66680924534089,13.904354958689963,1
0.057313232300794104,-0.04677134893386059,0.08850294515392053,46.394031853033056,11.427551751862818,1
0.013382809746622093,-0.07338388390862649,0.0891904995322011,44.582350643810635,9.56345289290988,1
-0.023681369299982657,-0.08593681442351953,0.08857746349028292,43.58547159185108,6.6187345009815255,1
0.0016355872237000524,-0.008369694620585788,0.0879750661249168,43.26395940079404,7.256470887508189,1
0.009425172090063993,-0.01039846734436578,0.08823611042276214,45.46227901246576,7.307901284639071,1
0.006116129367045309,0.017047169694102138,0.08818588903073402,42.83628995026027,6.897771474803116,1
-8.782217112535129e-05,0.0009507354305260396,0.08885844616717828,42.69915595287542,4.505274439857193,1
-0.0005519099744988321,0.0020255498918120285,0.08940466712287867,43.33401384011998,4.968170465910399,1
0.009894899849383076,0.0027684126604077264,0.08961186024013142,43.48062659453728,4.154574343784343,1
0.015023231218272426,0.02700088622689889,0.0899312732080235,44.50562153093621,4.869496024052565,1
0.008480076615485221,0.014246528714014772,0.09045011484668454,44.555714343352705,5.762289739179735,1
0.0006115323659044991,0.02306258556215024,0.09084872403781913,44.408631889815474,5.466873921006203,1
0.00884264521187117,0.03227988499028389,0.09083315649047237,45.049277814503945,5.825132876576846,1
0.0072594290076488655,0.012527147859149323,0.09104533521680154,46.184032640649214,7.102894157029315,1
0.006055701267647651,0.03020276978698777,0.09082874295559834,46.085328810840046,7.121816930955769,1
0.004091385183223606,0.01979463394672143,0.09080728507205463,46.299255227861,7.543575646514655,1
0.002877183239324843,0.018292794249686883,0.09092988461487658,47.085760186925775,7.950149489174616,1
0.006780032752427556,0.02896036806336766,0.0912140799037743,47.58359131551934,9.254730822981779,1
0.008090113947369915,0.028517228667785943,0.09131858973293915,47.87536204682878,9.668120030002644,1
0.003380750734307547,0.01541963955032366,0.09138579042551945,48.39825316871941,10.626656863724843,1
0.013746184051000032,0.020864614160055472,0.09137324951712841,49.179248256466856,11.954422522224917,1
0.0031785180283211423,-0.0043911085562375884,0.09145258207025493,49.55259377423342,12.409541028563513,1
0.005171839600455197,-0.0017499977585577753,0.09148002056433005,50.0406894554311,12.999607081537652,1
0.004914013043024745,0.011154221440830003,0.09152104595236663,50.00461168372845,13.160067992685072,1
0.005267718851500458,0.006698656245239798,0.09160313413535136,49.78628169646896,11.578417964977202,1
0.006133049234875454,-0.0017822260782374144,0.09162749715695719,49.77483948505097,12.484163870776042,1
0.004915624459008727,-0.0007863710001632107,0.09160859160138565,49.403655401983684,13.683097704402606,1
0.0039874488522601,0.0014486629695631414,0.09150398294715353,49.30194396793438,13.997992255997985,1
0.0002956948330523623,0.0047230602489278795,0.09090939319215226,49.148343733508604,13.849955366555433,1
-0.0001450274385550454,0.006044421355759777,0.09031887240610717,49.21987116357264,13.777489236760616,1
-0.0010014950340181406,0.0009636267583945646,0.08996864863047019,49.29699293937751,14.828636024329409,1
0.0010675630893597354,0.0026427222136604644,0.0894674636613352,49.65309199578533,15.907567960628198,1
0.002081143743259406,0.002529923094788389,0.08880401281920143,49.50027974811367,15.091424501963253,1
0.0004463622275513446,-0.0002497694775105419,0.08785570359722245,49.1313472742112,15.310718283992676,1
0.0008927244551026892,0.009671718735606571,0.08740790423924763,48.88838526060219,15.54453949570258,1
0.0016879582431778006,0.00347421286137517,0.08734838496174532,48.9844332031678,15.465552909339866,1
0.0003875455441376685,0.008575955866528817,0.08777616820381659,48.92906687905315,15.29471287786289,1
-0.0006131437818901464,0.000986186582170312,0.08758805894013158,48.89354774475799,14.312274793316531,1
-4.4313939557838466e-05,0.0013632579224120978,0.08743822977425955,49.36944070187604,14.821774994361013,1
7.251371927918804e-06,0.0008169879038588679,0.08730346156635677,48.74849135464928,13.880958835189583,1
0.0025629571224566883,0.00021431832586293886,0.0870174736913839,49.10965963520348,14.478660672701793,1
0.005779343426399741,-0.00736255963062038,0.08699809132250814,49.29107411877796,15.059168663541096,1
0.010036704455970158,-0.008385808780422277,0.08693365550853523,49.10018365461878,14.888663626162574,1
0.007197389492268891,-0.000775091088275337,0.08707805278053674,49.618220691141815,14.722385759882897,1
0.0008532447634967966,-0.004703723257123427,0.0868940967122107,49.126417574382764,14.409330770169587,1
0.0037070624710539013,-0.0046005926341485814,0.08628665965148431,48.17296966389115,14.275625512514308,1
0.0015856333281966117,-0.012066282887740476,0.08553208964237259,47.06000764059433,13.287778008071074,1
0.00013535894265115367,-0.00838742019640959,0.08500867073767449,46.26579944478514,13.934592042008346,1
0.0006026695779925983,-0.00930592730725266,0.08443764836982556,45.1719300450474,12.311114767310317,1
0.004316177712984093,-0.004872921935434871,0.08347550255761933,43.75222162599738,10.664851231203233,1
0.0011030142410056731,-0.006661593677608213,0.08268456360055143,42.237267170743486,9.913457593033609,1
0.00208436657522737,-0.013703481527426176,0.08221824391993719,41.69551139944546,8.846153085214809,1
0.0046602150255542485,-0.017541874401171276,0.08202346507395773,40.59442073078245,7.245005847410201,1
0.009142368584883487,-0.023057751314194963,0.08204231873771413,40.38921219704245,6.99541697693237,1
0.003533029544788846,-0.013149154428953036,0.08137163461784683,38.78169103312203,5.116385172559639,1
0.002385701364223669,-0.0293503307314813,0.08058196908332665,37.47997111638444,3.96984361717342,1
0.007286823079376559,-0.025929294597580865,0.08016145351926592,35.727944472868245,3.0383896397883134,1
0.010920566123160946,-0.02945829560240476,0.07965777328983988,34.711962466546055,2.415701350654771,1
0.020407777728608245,-0.041901649830393684,0.07910557707826582,30.33232771594826,0.8375215659448877,1
0.011475698929629408,-0.037716802520099124,0.07891032569460063,29.3883221799068,0.7779119330551884,1
0.008214192978133195,-0.017474194929844034,0.07826495894615415,29.205203202659344,0.9039804095188746,1
-0.0005430471865869313,-0.016465448523901305,0.07775590601012648,27.40345053020509,1.230153199277869,1
0.0023244675568323547,-0.028388315389070717,0.07870125393155512,25.47909736529385,2.195049611943976,1
0.006585857126362726,-0.0447393533781093,0.08090385994593291,25.445827093678233,3.040496277018052,1
2.175411578375641e-05,-0.03608121529640074,0.08155308214428099,23.07206051661429,4.468711798233142,1
0.0001264961547392529,-0.02951469516184413,0.08088197063665449,23.92119110417119,6.6321290836294065,1
-0.0004229966957836062,0.0023510559205663917,0.07766148888489122,26.573013039954404,5.994088569812046,1
-0.0003126147008858382,0.0035322238367985204,0.07456531862824763,30.13436133706348,12.669939123107813,1
0.005511848373067063,-0.04133604282002934,0.0782444179613263,33.11317418450183,41.29029736850021,1
0.006060535515599597,-0.08135072453322678,0.07785453925449416,33.48042195177511,46.355137769342214,1
0.019660080712058936,-0.015355182910964382,0.07971179305033217,29.289027724844377,46.59814567253712,1
0.02307547689002043,-0.06611478640507373,0.08004707232992413,26.047545415452955,48.53090017202766,1
0.010073767023601743,-0.03691915160805137,0.08059060798037956,14.683026354653382,42.92446153052908,1
0.004742397240735663,0.00426864094145829,0.08082094657335763,8.354937258365407,62.476716297618125,1
0.002287404989202435,-0.002652390709564356,0.08253680525024595,4.370946903028688,97.09816734030434,1
-0.001700849571047991,-0.008551784626772418,0.08161798999242856,1.8092837978918965,165.00767663704798,1
-0.0009877979981559593,-0.014425395888230108,0.07971398795315712,15.062519133069054,143.58404123856883,1
-0.000345648728555803,-0.03907200336259131,0.07695243081619886,33.073863665305204,140.66384071853554,1
-0.009345406998858552,-0.0023768385763134336,0.0807982222969171,43.35524196746567,134.77718414311454,1
-0.009024735218056135,-0.021555911617165413,0.08167213984546298,65.41370568161051,129.68941758264774,1
0.6974709033966064,0.2295130491256714,0.12467531173909123,37.18327374656298,158.61507256930778,0
0.23514911757933188,-1.349718454136265,0.10032938321909876,151.26082653734497,90.7621564871578,0
0.7105423827585544,0.18512542534085463,0.1246753117390913,139.2054229718187,146.0534843400926,0
-3.250249922348558,-0.49098250449430836,0.09100959879577734,154.87212981896323,90.7621564871578,0
0.6326815241277195,0.20819315188759957,0.1130939883915605,142.816726253437,146.0534843400925,0
-0.03999084234237671,0.00016629695892333984,0.10983377700909587,32.85595150716861,15.83042290156821,0
-0.16205370426177979,-0.3878384828567505,0.10549274655079884,16.122254437443456,164.49450894340538,0
-1.6815682326416648,1.5775491386486828,0.11150602693307184,153.80879790418197,8.438627895537804,0
-0.03972461759387702,-0.004609759532955282,0.10983377700909588,154.00146733475276,4.476153511398875,0
-0.1145868992780874,-0.40441307392741876,0.1054927465507989,170.73516440447798,153.24117531002742,0
2.6926873270513423,0.13003353989859412,0.11822162226557414,146.95137906226066,8.438627895537891,0
-0.042399342775618076,0.00017631240931237357,0.116448658917462,147.14404849283142,4.476153511399038,0
-0.17181359912924077,-0.4111965593381306,0.11184618426026553,163.87774556255647,153.24117531002747,0
-0.1128244400024414,-0.24942666292190552,0.015346362576763367,43.30023622312494,142.91996555418893,1
-0.3864973783493042,2.098042666912079,0.07428263304208672,97.32553537060618,164.0780166736287,1
-0.2676272392272949,-0.4523894190788269,0.08380019129003809,172.56213292174047,34.29533828620005,1
2.095154895071878,-3.189036199476595,0.0374948957956236,111.82470987568014,161.55596020954707,1
-0.13964482822580004,-0.23546196378185724,0.015346362576763395,130.36787361122276,149.16191411006415,1
-0.15275171283095523,2.1278698667638603,0.07428263304208667,89.00635479504595,35.317200723199534,1
-0.3158875470221856,-0.42011377424122864,0.08380019129003813,13.76975724391165,58.088821232444246,1
-2.0688065701551324,-0.7993065584165854,0.034240746423515704,118.15660004133223,161.55596020954684,1
-0.10303250505232009,-0.2277791399374829,0.014014465125560371,136.69976377687507,149.16191411006395,1
-0.3529536072735756,1.9159553698996619,0.06783570797287143,82.67446462939384,35.31720072319939,1
-0.24440010406635126,-0.4131269351378686,0.07652724562416913,7.4378670782596,58.0888212324446,1
0.10827362537384033,-1.6699478030204773,0.1940137850176908,173.8090331375107,172.5832749354448,0
-0.181291401386261,0.7958033680915833,0.17119688131220182,179.15407897391555,30.188082515757785,0
-0.20725339651107788,0.40959566831588745,0.15938578946361837,171.7858225059509,26.446712291082527,0
-0.09226620197296143,0.23993611335754395,0.16435892429572505,174.33303650043723,16.93919535292285,0
-0.3951144218444824,-0.019031167030334473,0.16476005909598815,172.82835680518667,15.050406381519062,0
-0.1704418659210205,0.0542449951171875,0.15930324444944227,167.99574866550597,4.336106850705531,0
-0.41488319635391235,1.417885422706604,0.14749873082276527,172.57245039782993,153.8892329890029,0
-0.3986969590187073,0.6609678268432617,0.13472099324768533,174.99387107520297,112.19191520217039,0
-0.3080695867538452,0.21329641342163086,0.1304997816935568,176.26775808600834,122.361057781272,0
-0.36539286375045776,0.03855764865875244,0.1265506234237849,179.72557612015427,125.17166396197341,0
-0.331936776638031,-0.09520232677459717,0.12338978073414231,165.8207509206932,139.65009052323967,0
-0.34349530935287476,-0.21753787994384766,0.12587334889094712,149.86228543672883,168.56281104022085,0
4.988650763669355,-3.5796660719688456,0.15878781424979058,15.1360646932331,132.17647957531082,0
-0.11649402994231395,-1.669394496142932,0.19401378501769084,1.5104553312758056,40.143819453981955,0
-0.07300989714152994,0.812920123875579,0.17119688131220187,8.547343219849422,29.1143895476099,0
-0.1504937082397273,0.4336752536734956,0.15938578946361828,0.5127553002844459,33.82220373969876,0
-0.059279922622318404,0.250136525308744,0.16435892429572493,2.034458694202315,30.123003689517997,0
-0.39410082142581127,0.03409008975549188,0.16476005909598812,0.529778998952113,82.61990303380834,0
-0.16163504445012133,0.07659674640289882,0.1593032444494423,19.705673528259112,168.17411371525188,0
-0.22112896103824387,1.4606947392014769,0.14749873082276535,0.27387259159457306,114.32768748097324,0
-0.3065238456959457,0.7084355053725316,0.13472099324768524,2.695293268968114,10.699957110683721,0
-0.2767067406582524,0.25265709951533877,0.13049978169355672,11.433664107756776,11.485866212460271,0
-0.3569298332294851,0.08717643776057882,0.12655062342378498,7.975846073611138,10.248044012477402,0
-0.3417008033636093,-0.04986048223600603,0.12338978073414238,6.477826885541814,14.398232848761452,0
-0.36954935998578964,-0.16954358522806467,0.1258733488909471,22.436292369506102,8.553460891969012,0
0.34770878799950944,-1.2074179907062628,0.15099889027162658,22.837486886998136,132.176479575311,0
0.10296254378447944,-1.5880328491137075,0.1844969424982679,6.1909668624892396,40.14381945398184,0
-0.17239862236563042,0.7567672999592934,0.16279926276609705,0.8459210260844385,29.11438954760994,0
-0.1970871192229373,0.38950401621165864,0.15156753336382195,8.214177494049114,33.82220373969865,0
-0.08774032297956036,0.22816667024638582,0.15629672397814687,5.666963499562821,30.12300368951801,0
-0.3757331096892452,-0.018097642540969017,0.15667818215222182,7.1716431948133135,82.61990303380833,0
-0.1620812826947371,0.05158414771425757,0.15148903738101038,12.004251334494032,168.174113715252,0
-0.3945321782894229,1.3483347344539447,0.14026356352304478,7.427549602170131,114.32768748097399,0
-0.37913991480348297,0.6285457661226823,0.1281126046907509,5.006128924797045,10.699957110683721,0
-0.2929580329954745,0.20283371162801211,0.12409845371016945,3.7322419139917486,11.48586621246024,0
-0.3474694654634908,0.036666303308363624,0.12034301114639374,0.2744238798457225,10.248044012477369,0
-0.3156544798446298,-0.09053242380191007,0.1173372153886135,14.17924907930683,14.398232848761479,0
-0.32664603874577036,-0.20686712402180674,0.11969895855740315,30.13771456327116,8.553460891969012,0
0.2838653326034546,1.8462395668029785,0.04574933643557819,25.976984754848505,160.40249269802976,1
0.09675264358520508,-0.10637819766998291,0.037159773319705595,55.3548965260821,158.36365779045775,1
-1.595634682841457,-0.1642690203505931,0.03627701232575276,16.552701004174732,174.13955615102617,1
0.11840507985303783,1.8641781841197251,0.04574933643557815,159.12966267607231,161.4506635698752,1
0.10583731580361744,-0.09734401657896297,0.03715977331970564,119.538456042997,176.02168120211363,1
1.982874092224849,-2.645574226986667,0.03824653199245116,11.446053573253739,174.13955615102626,1
0.2992766997313778,1.9464739825702897,0.04823311919693626,154.0230152451517,161.450663569875,1
0.10200545306783271,-0.11215358927438634,0.03917721907036528,124.64510347391787,176.02168120211363,1
0.020009279251098633,-0.09961187839508057,0.09359528119181373,178.62868684893357,35.99427174152402,0
0.05536794662475586,-0.2489018440246582,0.09664885072974198,166.9906225387147,44.46364909388988,0
0.03845036029815674,-0.1923912763595581,0.09380493031857066,154.93619504263086,172.4426341939467,0
0.04618942737579346,-0.22808074951171875,0.09175555698770413,138.52883419009436,177.6212737147915,0
0.7953163554611231,-0.18679876558873487,0.09384417497368445,13.154248190106202,20.044595734248436,0
0.014497342970055671,-0.10056204363651733,0.09359528119181376,1.7832526513555191,26.873760399153213,0
0.04158704276830183,-0.2515715710212618,0.096648850729742,9.85481165886359,36.35752758305635,0
0.027804853676399732,-0.1942156624434621,0.09380493031857061,21.909239154947333,55.612178202300285,0
0.03356821116451636,-0.23027693479448774,0.09175555698770406,38.3166000074838,178.12096563091615,0
-2.721751159552449,-0.009107980843855445,0.08467553812257538,9.99968238768445,20.044595734248563,0
0.018054359671305642,-0.08987973317330922,0.08445096142486143,1.3713131510664376,26.87376039915323,0
0.04995846227544454,-0.22458397219006332,0.08720619523549795,13.009377461285283,36.35752758305639,0
0.03469373512172136,-0.1735945236920977,0.08464012769575739,25.063804957369126,55.612178202300306,0
0.04167669031898469,-0.2057971121353086,0.08279097947048024,41.4711658099056,178.12096563091615,0
